<?xml version="1.0" encoding="UTF-8"?>
<project-private xmlns="http://www.netbeans.org/ns/project-private/1">
    <editor-bookmarks xmlns="http://www.netbeans.org/ns/editor-bookmarks/2" lastBookmarkId="0"/>
    <open-files xmlns="http://www.netbeans.org/ns/projectui-open-files/2">
        <group>
            <file>file:/C:/Users/Raí%20Jhonny%20Escoscio/Documents/NetBeansProjects/ProjetoDisciplina/src/projetodisciplina/MostrarDisciplinaForm.java</file>
            <file>file:/C:/Users/Raí%20Jhonny%20Escoscio/Documents/NetBeansProjects/ProjetoDisciplina/src/projetodisciplina/ExcluirDisciplinaForm.java</file>
            <file>file:/C:/Users/Raí%20Jhonny%20Escoscio/Documents/NetBeansProjects/ProjetoDisciplina/src/projetodisciplina/InicioForm.java</file>
            <file>file:/C:/Users/Raí%20Jhonny%20Escoscio/Documents/NetBeansProjects/ProjetoDisciplina/src/projetodisciplina/ConexaoMySQL.java</file>
            <file>file:/C:/Users/Raí%20Jhonny%20Escoscio/Documents/NetBeansProjects/ProjetoDisciplina/src/projetodisciplina/CadastroDisciplinaForm.java</file>
        </group>
    </open-files>
</project-private>
